{
  "alpha0.15": {
    "coverage": 0.03870967741935484,
    "accuracy_accepted": 1.0,
    "n_seeds": 10
  },
  "alpha0.2": {
    "coverage": 0.07204301075268817,
    "accuracy_accepted": 0.9952380952380953,
    "n_seeds": 10
  },
  "alpha0.25": {
    "coverage": 0.1575268817204301,
    "accuracy_accepted": 0.962899385721983,
    "n_seeds": 10
  },
  "alpha0.3": {
    "coverage": 0.2924731182795699,
    "accuracy_accepted": 0.930120298822372,
    "n_seeds": 10
  }
}