{
  "alpha0.15": {
    "coverage": 0.5549999999999999,
    "accuracy_accepted": 0.7449271315997255,
    "n_seeds": 10
  },
  "alpha0.2": {
    "coverage": 0.7361666666666666,
    "accuracy_accepted": 0.7072897666979758,
    "n_seeds": 10
  },
  "alpha0.25": {
    "coverage": 0.7873333333333333,
    "accuracy_accepted": 0.6848193085326406,
    "n_seeds": 10
  },
  "alpha0.3": {
    "coverage": 0.7943333333333333,
    "accuracy_accepted": 0.6795396049606314,
    "n_seeds": 10
  }
}