accuracy,dataset,error_rate,n,signal_group
0.554945054945055,judgebench,0.44505494505494503,182,position_consistent
0.4726027397260274,judgebench,0.5273972602739726,438,position_inconsistent
0.4720357941834452,judgebench,0.5279642058165548,447,rubric_stable
0.5606936416184971,judgebench,0.4393063583815029,173,rubric_unstable
0.4988066825775656,judgebench,0.5011933174224343,419,self_high_agree
0.4925373134328358,judgebench,0.5074626865671642,201,self_low_agree
0.5015105740181269,judgebench,0.49848942598187307,331,sim_high_agree
0.4913494809688581,judgebench,0.5086505190311419,289,sim_low_agree
