accuracy,dataset,error_rate,n,signal_group
0.7636363636363637,mtbench_human,0.23636363636363633,165,position_consistent
0.5111111111111111,mtbench_human,0.48888888888888893,135,position_inconsistent
0.6736401673640168,mtbench_human,0.3263598326359832,239,rubric_stable
0.5573770491803278,mtbench_human,0.4426229508196722,61,rubric_unstable
0.6680851063829787,mtbench_human,0.3319148936170213,235,self_high_agree
0.5846153846153846,mtbench_human,0.41538461538461535,65,self_low_agree
0.6684782608695652,mtbench_human,0.3315217391304348,184,sim_high_agree
0.6206896551724138,mtbench_human,0.3793103448275862,116,sim_low_agree
