accuracy,dataset,error_rate,n,signal_group
0.7289719626168224,tldr,0.2710280373831776,107,position_consistent
0.9637305699481865,tldr,0.03626943005181349,193,position_inconsistent
0.932,tldr,0.06799999999999995,250,rubric_stable
0.62,tldr,0.38,50,rubric_unstable
0.8578431372549019,tldr,0.1421568627450981,204,self_high_agree
0.9270833333333334,tldr,0.07291666666666663,96,self_low_agree
0.8837209302325582,tldr,0.11627906976744184,172,sim_high_agree
0.875,tldr,0.125,128,sim_low_agree
