accuracy,dataset,error_rate,n,signal_group
0.7439024390243902,tldr,0.25609756097560976,82,position_consistent
0.125,tldr,0.875,8,position_inconsistent
0.7142857142857143,tldr,0.2857142857142857,84,rubric_stable
0.3333333333333333,tldr,0.6666666666666667,6,rubric_unstable
0.7209302325581395,tldr,0.2790697674418605,86,self_high_agree
0.0,tldr,1.0,4,self_low_agree
0.7209302325581395,tldr,0.2790697674418605,86,sim_high_agree
0.0,tldr,1.0,4,sim_low_agree
