{
  "qwen_judgebench": {
    "n_total": 620,
    "raw_acc": 0.49408602150537634,
    "auroc": {
      "raw": 0.5,
      "base_conf": 0.498,
      "self": 0.5,
      "swap": 0.537,
      "rubric": 0.485,
      "max_signal": 0.493,
      "best_single": 0.521,
      "logistic": 0.54,
      "gbm": 0.532
    },
    "ece_logistic": 0.04382141859849202,
    "brier_logistic": 0.24895353210332916,
    "aurc_logistic": 0.4672688378199267,
    "alpha_sweep_pooled": {
      "0.05": {
        "cov": 0.0,
        "acc": null,
        "viol": 0.0
      },
      "0.1": {
        "cov": 0.0,
        "acc": null,
        "viol": 0.0
      },
      "0.15": {
        "cov": 0.0,
        "acc": null,
        "viol": 0.0
      },
      "0.2": {
        "cov": 0.0,
        "acc": null,
        "viol": 0.0
      },
      "0.25": {
        "cov": 0.0,
        "acc": null,
        "viol": 0.0
      },
      "0.3": {
        "cov": 0.0,
        "acc": null,
        "viol": 0.0
      }
    },
    "main_015": {
      "cov": 0.0,
      "acc": null,
      "cov_seedmean": 0.0,
      "cov_seedstd": 0.0,
      "mean_accepted": 0.0,
      "viol": 0.0
    }
  },
  "qwen_tldr": {
    "n_total": 300,
    "raw_acc": 0.8844444444444445,
    "auroc": {
      "raw": 0.5,
      "base_conf": 0.608,
      "self": 0.435,
      "swap": 0.24,
      "rubric": 0.69,
      "max_signal": 0.515,
      "best_single": 0.662,
      "logistic": 0.775,
      "gbm": 0.747
    },
    "ece_logistic": 0.22234955897294592,
    "brier_logistic": 0.14327530527443416,
    "aurc_logistic": 0.03203417488872462,
    "alpha_sweep_pooled": {
      "0.05": {
        "cov": 0.05,
        "acc": 0.9555555555555556,
        "viol": 0.0
      },
      "0.1": {
        "cov": 0.4922222222222222,
        "acc": 0.9390519187358917,
        "viol": 0.1
      },
      "0.15": {
        "cov": 0.7911111111111111,
        "acc": 0.9044943820224719,
        "viol": 0.1
      },
      "0.2": {
        "cov": 0.94,
        "acc": 0.8959810874704491,
        "viol": 0.0
      },
      "0.25": {
        "cov": 0.9955555555555555,
        "acc": 0.8883928571428571,
        "viol": 0.0
      },
      "0.3": {
        "cov": 0.9955555555555555,
        "acc": 0.8883928571428571,
        "viol": 0.0
      }
    },
    "main_015": {
      "cov": 0.7911111111111111,
      "acc": 0.9044943820224719,
      "cov_seedmean": 0.7911111111111111,
      "cov_seedstd": 0.30019746587624374,
      "mean_accepted": 71.2,
      "viol": 0.1
    }
  },
  "qwen_mtbench": {
    "n_total": 300,
    "raw_acc": 0.6611111111111111,
    "auroc": {
      "raw": 0.5,
      "base_conf": 0.507,
      "self": 0.518,
      "swap": 0.627,
      "rubric": 0.537,
      "max_signal": 0.518,
      "best_single": 0.627,
      "logistic": 0.624,
      "gbm": 0.583
    },
    "ece_logistic": 0.16029096082297883,
    "brier_logistic": 0.23928210211669182,
    "aurc_logistic": 0.18939558251635827,
    "alpha_sweep_pooled": {
      "0.05": {
        "cov": 0.0,
        "acc": null,
        "viol": 0.0
      },
      "0.1": {
        "cov": 0.0,
        "acc": null,
        "viol": 0.0
      },
      "0.15": {
        "cov": 0.03888888888888889,
        "acc": 0.7142857142857143,
        "viol": 0.1
      },
      "0.2": {
        "cov": 0.04,
        "acc": 0.7222222222222222,
        "viol": 0.1
      },
      "0.25": {
        "cov": 0.08777777777777777,
        "acc": 0.7468354430379747,
        "viol": 0.1
      },
      "0.3": {
        "cov": 0.15333333333333332,
        "acc": 0.7246376811594203,
        "viol": 0.1
      }
    },
    "main_015": {
      "cov": 0.03888888888888889,
      "acc": 0.7142857142857143,
      "cov_seedmean": 0.03888888888888889,
      "cov_seedstd": 0.11666666666666667,
      "mean_accepted": 3.5,
      "viol": 0.1
    }
  },
  "deepseek_judgebench": {
    "n_total": 620,
    "raw_acc": 0.6736559139784947,
    "auroc": {
      "raw": 0.5,
      "base_conf": 0.596,
      "self": 0.516,
      "swap": 0.567,
      "rubric": 0.529,
      "max_signal": 0.499,
      "best_single": 0.595,
      "logistic": 0.608,
      "gbm": 0.605
    },
    "ece_logistic": 0.17255180354915764,
    "brier_logistic": 0.2448015039181355,
    "aurc_logistic": 0.2862930870186615,
    "alpha_sweep_pooled": {
      "0.05": {
        "cov": 0.0,
        "acc": null,
        "viol": 0.0
      },
      "0.1": {
        "cov": 0.010752688172043012,
        "acc": 0.95,
        "viol": 0.0
      },
      "0.15": {
        "cov": 0.03225806451612903,
        "acc": 0.8833333333333333,
        "viol": 0.1
      },
      "0.2": {
        "cov": 0.08279569892473118,
        "acc": 0.8766233766233766,
        "viol": 0.1
      },
      "0.25": {
        "cov": 0.1639784946236559,
        "acc": 0.8262295081967214,
        "viol": 0.0
      },
      "0.3": {
        "cov": 0.24247311827956988,
        "acc": 0.7827050997782705,
        "viol": 0.2
      }
    },
    "main_015": {
      "cov": 0.03225806451612903,
      "acc": 0.8833333333333333,
      "cov_seedmean": 0.03225806451612903,
      "cov_seedstd": 0.06562664309534248,
      "mean_accepted": 6.0,
      "viol": 0.1
    }
  },
  "deepseek_tldr": {
    "n_total": 300,
    "raw_acc": 0.6522222222222223,
    "auroc": {
      "raw": 0.5,
      "base_conf": 0.586,
      "self": 0.533,
      "swap": 0.714,
      "rubric": 0.541,
      "max_signal": 0.522,
      "best_single": 0.672,
      "logistic": 0.719,
      "gbm": 0.765
    },
    "ece_logistic": 0.14355670866185755,
    "brier_logistic": 0.19270769216478195,
    "aurc_logistic": 0.11776254285982599,
    "alpha_sweep_pooled": {
      "0.05": {
        "cov": 0.0,
        "acc": null,
        "viol": 0.0
      },
      "0.1": {
        "cov": 0.0,
        "acc": null,
        "viol": 0.0
      },
      "0.15": {
        "cov": 0.04888888888888889,
        "acc": 0.7954545454545454,
        "viol": 0.1
      },
      "0.2": {
        "cov": 0.12777777777777777,
        "acc": 0.782608695652174,
        "viol": 0.2
      },
      "0.25": {
        "cov": 0.36,
        "acc": 0.7561728395061729,
        "viol": 0.4
      },
      "0.3": {
        "cov": 0.6311111111111111,
        "acc": 0.727112676056338,
        "viol": 0.4
      }
    },
    "main_015": {
      "cov": 0.04888888888888889,
      "acc": 0.7954545454545454,
      "cov_seedmean": 0.048888888888888885,
      "cov_seedstd": 0.14666666666666667,
      "mean_accepted": 4.4,
      "viol": 0.1
    }
  },
  "deepseek_mtbench": {
    "n_total": 300,
    "raw_acc": 0.6955555555555556,
    "auroc": {
      "raw": 0.5,
      "base_conf": 0.631,
      "self": 0.515,
      "swap": 0.591,
      "rubric": 0.546,
      "max_signal": 0.515,
      "best_single": 0.637,
      "logistic": 0.639,
      "gbm": 0.534
    },
    "ece_logistic": 0.1941725642819191,
    "brier_logistic": 0.23899230164918667,
    "aurc_logistic": 0.22735681172263195,
    "alpha_sweep_pooled": {
      "0.05": {
        "cov": 0.0,
        "acc": null,
        "viol": 0.0
      },
      "0.1": {
        "cov": 0.0,
        "acc": null,
        "viol": 0.0
      },
      "0.15": {
        "cov": 0.0,
        "acc": null,
        "viol": 0.0
      },
      "0.2": {
        "cov": 0.03,
        "acc": 0.8888888888888888,
        "viol": 0.0
      },
      "0.25": {
        "cov": 0.09777777777777778,
        "acc": 0.8068181818181818,
        "viol": 0.1
      },
      "0.3": {
        "cov": 0.36666666666666664,
        "acc": 0.7757575757575758,
        "viol": 0.1
      }
    },
    "main_015": {
      "cov": 0.0,
      "acc": null,
      "cov_seedmean": 0.0,
      "cov_seedstd": 0.0,
      "mean_accepted": 0.0,
      "viol": 0.0
    }
  },
  "gpt55_judgebench": {
    "n_total": 620,
    "raw_acc": 0.9134408602150538,
    "auroc": {
      "raw": 0.5,
      "base_conf": 0.808,
      "self": 0.523,
      "swap": 0.571,
      "rubric": 0.648,
      "max_signal": 0.503,
      "best_single": 0.822,
      "logistic": 0.832,
      "gbm": 0.753
    },