accuracy,error_rate,n,signal
0.6736401673640168,0.3263598326359832,239,rubric_stable
0.5573770491803278,0.4426229508196722,61,rubric_unstable
0.7636363636363637,0.23636363636363633,165,position_consistent
0.5111111111111111,0.48888888888888893,135,position_inconsistent
0.6680851063829787,0.3319148936170213,235,self_high
0.5846153846153846,0.41538461538461535,65,self_low
