accuracy_accepted,accuracy_accepted_std,cal_auprc,cal_auprc_std,cal_auroc,cal_auroc_std,cal_brier,cal_brier_std,cal_ece,cal_ece_std,coverage,coverage_std,method,n_folds,raw_accuracy,raw_accuracy_std,risk_accepted,risk_accepted_std
0.6896551724137931,0.0,0.7645132187304025,0.038515859625392876,0.6155579294634368,0.059669738523172484,0.23355884781680433,0.023133164032991538,0.1340701205067527,0.04170725777484412,0.03222222222222222,0.09666666666666669,logistic_fusion,10,0.6611111111111112,0.02496911672693803,0.31034482758620685,0.0
,,0.780360916438904,0.04943665563257463,0.6273575144314927,0.048372309848360176,0.3655555555555555,0.04777777777777778,0.3655555555555555,0.04777777777777778,0.0,0.0,best_single_signal,10,0.6611111111111112,0.02496911672693803,,
,,0.7325256012638761,0.0549725066600267,0.5176608719063245,0.024326310565511194,0.32995061728395064,0.025434431152786645,0.33133333333333337,0.025615174686330927,0.0,0.0,max_signal,10,0.6611111111111112,0.02496911672693803,,
,,0.7302955946678151,0.061242102804133634,0.53720842505632,0.03942540162883993,0.3101333333333333,0.02786833239749527,0.2937777777777778,0.033507692133281364,0.0,0.0,rubric_only,10,0.6611111111111112,0.02496911672693803,,
,,0.780360916438904,0.04943665563257463,0.6273575144314927,0.048372309848360176,0.3655555555555555,0.04777777777777778,0.3655555555555555,0.04777777777777778,0.0,0.0,swap_only,10,0.6611111111111112,0.02496911672693803,,
,,0.7193358331482418,0.04533972036462924,0.5175034772283931,0.04846830871805954,0.3101234567901234,0.014374103286743576,0.2814814814814815,0.01952803900216898,0.0,0.0,self_only,10,0.6611111111111112,0.02496911672693803,,
0.6611111111111112,0.02496911672693803,0.7266097886135188,0.0474351088026763,0.5,0.0,0.25,0.0,0.1611111111111111,0.02496911672693803,1.0,0.0,raw,10,0.6611111111111112,0.02496911672693803,0.3388888888888889,0.02496911672693803
