accuracy_accepted,accuracy_accepted_std,alpha,coverage,coverage_std,n_folds,risk_accepted,risk_accepted_std
,,0.05,0.0,0.0,10,,
,,0.08,0.0,0.0,10,,
,,0.1,0.0,0.0,10,,
,,0.12,0.0,0.0,10,,
0.6896551724137931,0.0,0.15,0.03222222222222222,0.09666666666666669,10,0.31034482758620685,0.0
0.6896551724137931,0.0,0.2,0.03222222222222222,0.09666666666666669,10,0.31034482758620685,0.0
0.7056147056147056,0.05776879012462429,0.25,0.09777777777777778,0.15743311336940896,10,0.29438529438529437,0.05776879012462429
0.7022730739893212,0.05960426013995725,0.3,0.11666666666666665,0.20185864752407046,10,0.29772692601067885,0.05960426013995725
