lo,hi,n,mean_conf,accuracy
0.1,0.2,4,0.14810950143948187,0.5
0.2,0.3,5,0.28450700089122116,0.4
0.3,0.4,29,0.34773824875708265,0.41379310344827586
0.4,0.5,30,0.45771197094171795,0.5
0.5,0.6,47,0.5476684128392896,0.48936170212765956
0.6,0.7,47,0.6477623868284199,0.7446808510638298
0.7,0.8,65,0.7491619721059423,0.7230769230769231
0.8,0.9,59,0.850629145904992,0.8135593220338984
0.9,1.0,14,0.9253354688263137,0.7857142857142857
