{
  "alpha0.15": {
    "coverage": 0.9877777777777779,
    "accuracy_accepted": 0.6511894390033849,
    "n_seeds": 10
  },
  "alpha0.2": {
    "coverage": 0.99,
    "accuracy_accepted": 0.6508784180432767,
    "n_seeds": 10
  },
  "alpha0.25": {
    "coverage": 0.99,
    "accuracy_accepted": 0.6508784180432767,
    "n_seeds": 10
  },
  "alpha0.3": {
    "coverage": 0.99,
    "accuracy_accepted": 0.6508784180432767,
    "n_seeds": 10
  }
}