{
  "alpha0.15": {
    "coverage": 0.7633333333333333,
    "accuracy_accepted": 0.9280572135175464,
    "cost_savings_pct": 73.96666666666667,
    "routing_avg": {
      "qwen": 68.7,
      "ds": 0.0,
      "gpt": 0.0,
      "abstain": 21.3
    }
  },
  "alpha0.2": {
    "coverage": 0.9377777777777778,
    "accuracy_accepted": 0.9067844512396661,
    "cost_savings_pct": 93.15555555555557,
    "routing_avg": {
      "qwen": 84.4,
      "ds": 0.0,
      "gpt": 0.0,
      "abstain": 5.6
    }
  },
  "alpha0.25": {
    "coverage": 0.9811111111111112,
    "accuracy_accepted": 0.8992099776756888,
    "cost_savings_pct": 97.92222222222222,
    "routing_avg": {
      "qwen": 88.3,
      "ds": 0.0,
      "gpt": 0.0,
      "abstain": 1.7
    }
  },
  "alpha0.3": {
    "coverage": 0.9855555555555556,
    "accuracy_accepted": 0.8950311494867869,
    "cost_savings_pct": 98.41111111111111,
    "routing_avg": {
      "qwen": 88.7,
      "ds": 0.0,
      "gpt": 0.0,
      "abstain": 1.3
    }
  }
}