{
  "care@0.05": {
    "alpha": 0.05,
    "method": "care",
    "cov_mean": 0.4327956989247312,
    "acc_mean": 0.99367543262513,
    "auroc_mean": 0.8322720491877519
  },
  "care@0.1": {
    "alpha": 0.1,
    "method": "care",
    "cov_mean": 0.8564516129032258,
    "acc_mean": 0.9478294839084114,
    "auroc_mean": 0.8322720491877519
  },
  "care@0.15": {
    "alpha": 0.15,
    "method": "care",
    "cov_mean": 0.9956989247311828,
    "acc_mean": 0.9152329749103941,
    "auroc_mean": 0.8322720491877519
  },
  "care@0.2": {
    "alpha": 0.2,
    "method": "care",
    "cov_mean": 0.9983870967741936,
    "acc_mean": 0.9138215634989827,
    "auroc_mean": 0.8322720491877519
  },
  "care@0.25": {
    "alpha": 0.25,
    "method": "care",
    "cov_mean": 0.9983870967741936,
    "acc_mean": 0.9138215634989827,
    "auroc_mean": 0.8322720491877519
  },
  "care@0.3": {
    "alpha": 0.3,
    "method": "care",
    "cov_mean": 0.9983870967741936,
    "acc_mean": 0.9138215634989827,
    "auroc_mean": 0.8322720491877519
  },
  "toe@0.05": {
    "alpha": 0.05,
    "method": "toe",
    "cov_mean": 0.0,
    "acc_mean": 0,
    "auroc_mean": 0.6647138971579089
  },
  "toe@0.1": {
    "alpha": 0.1,
    "method": "toe",
    "cov_mean": 0.8548387096774193,
    "acc_mean": 0.9431611843725932,
    "auroc_mean": 0.6647138971579089
  },
  "toe@0.15": {
    "alpha": 0.15,
    "method": "toe",
    "cov_mean": 0.943010752688172,
    "acc_mean": 0.9255704610853407,
    "auroc_mean": 0.6647138971579089
  },
  "toe@0.2": {
    "alpha": 0.2,
    "method": "toe",
    "cov_mean": 0.9672043010752688,
    "acc_mean": 0.9196619621695195,
    "auroc_mean": 0.6647138971579089
  },
  "toe@0.25": {
    "alpha": 0.25,
    "method": "toe",
    "cov_mean": 0.9833333333333334,
    "acc_mean": 0.915119883540401,
    "auroc_mean": 0.6647138971579089
  },
  "toe@0.3": {
    "alpha": 0.3,
    "method": "toe",
    "cov_mean": 0.9983870967741936,
    "acc_mean": 0.9132892043516165,
    "auroc_mean": 0.6647138971579089
  },
  "scope@0.05": {
    "alpha": 0.05,
    "method": "scope",
    "cov_mean": 0.3838709677419355,
    "acc_mean": 0.9888004268026162,
    "auroc_mean": 0.7924056304955212
  },
  "scope@0.1": {
    "alpha": 0.1,
    "method": "scope",
    "cov_mean": 0.8295698924731182,
    "acc_mean": 0.9367427688259822,
    "auroc_mean": 0.7924056304955212
  },
  "scope@0.15": {
    "alpha": 0.15,
    "method": "scope",
    "cov_mean": 0.9774193548387096,
    "acc_mean": 0.9161844940877198,
    "auroc_mean": 0.7924056304955212
  },
  "scope@0.2": {
    "alpha": 0.2,
    "method": "scope",
    "cov_mean": 0.9935483870967742,
    "acc_mean": 0.9128953918855741,
    "auroc_mean": 0.7924056304955212
  },
  "scope@0.25": {
    "alpha": 0.25,
    "method": "scope",
    "cov_mean": 0.9935483870967742,
    "acc_mean": 0.9128953918855741,
    "auroc_mean": 0.7924056304955212
  },
  "scope@0.3": {
    "alpha": 0.3,
    "method": "scope",
    "cov_mean": 0.9935483870967742,
    "acc_mean": 0.9128953918855741,
    "auroc_mean": 0.7924056304955212
  }
}