accuracy_accepted,accuracy_accepted_std,alpha,coverage,coverage_std,n_folds,risk_accepted,risk_accepted_std
,,0.05,0.0,0.0,10,,
,,0.08,0.0,0.0,10,,
,,0.1,0.0,0.0,10,,
,,0.12,0.0,0.0,10,,
,,0.15,0.0,0.0,10,,
0.6953242835595776,0.048265460030165915,0.2,0.06222222222222222,0.13591936607442692,10,0.3046757164404223,0.04826546003016591
0.7483808674985146,0.07816214239630831,0.25,0.1411111111111111,0.18619318256737516,10,0.25161913250148543,0.07816214239630831
0.7447553179191597,0.05715022756631517,0.3,0.3666666666666667,0.21891990755965052,10,0.2552446820808403,0.05715022756631517
