accuracy,error_rate,n,signal
0.7120622568093385,0.28793774319066145,257,rubric_stable
0.5581395348837209,0.4418604651162791,43,rubric_unstable
0.7456140350877193,0.2543859649122807,228,position_consistent
0.5138888888888888,0.48611111111111116,72,position_inconsistent
0.6974169741697417,0.3025830258302583,271,self_high
0.6206896551724138,0.3793103448275862,29,self_low
