accuracy,error_rate,n,signal
0.6893617021276596,0.31063829787234043,235,rubric_stable
0.5384615384615384,0.46153846153846156,65,rubric_unstable
0.782608695652174,0.21739130434782605,230,position_consistent
0.24285714285714285,0.7571428571428571,70,position_inconsistent
0.6705882352941176,0.3294117647058824,255,self_high
0.5777777777777777,0.4222222222222223,45,self_low
