accuracy_accepted,accuracy_accepted_std,cal_auprc,cal_auprc_std,cal_auroc,cal_auroc_std,cal_brier,cal_brier_std,cal_ece,cal_ece_std,coverage,coverage_std,method,n_folds,raw_accuracy,raw_accuracy_std,risk_accepted,risk_accepted_std
,,0.7873673257671685,0.054825238751729156,0.6173092913223184,0.05447154427440342,0.2187376950008076,0.017877019569976643,0.1266040481435288,0.02197927781145014,0.0,0.0,logistic_fusion,10,0.6955555555555556,0.03887301263230199,,
,,0.8100757203031523,0.03885004834625241,0.637236568799674,0.042654806525832006,0.24051255555555556,0.04365587460093818,0.19389999999999974,0.06293430731355551,0.0,0.0,best_single_signal,10,0.6955555555555556,0.03887301263230199,,
,,0.718501539710986,0.030486983579405536,0.5145921421618381,0.02100259580597667,0.29654320987654326,0.03915274003538726,0.29333333333333333,0.03953779598542966,0.0,0.0,max_signal,10,0.6955555555555556,0.03887301263230199,,
,,0.727336977350579,0.04725285437821917,0.5463761057223346,0.04060336488101624,0.27999999999999997,0.04072876741378855,0.2651851851851852,0.0389223841642064,0.0,0.0,rubric_only,10,0.6955555555555556,0.03887301263230199,,
,,0.7506924022166448,0.03760389464099398,0.5912879378010747,0.041064148978631275,0.32,0.03842581436842352,0.32,0.0384258143684235,0.0,0.0,swap_only,10,0.6955555555555556,0.03887301263230199,,
,,0.7163536985154586,0.02883531030473137,0.5154481635815799,0.0174082552153855,0.2922222222222222,0.03608546097567773,0.27999999999999997,0.0348010216963685,0.0,0.0,self_only,10,0.6955555555555556,0.03887301263230199,,
0.6955555555555556,0.03887301263230199,0.7121688780537186,0.03614078640022863,0.5,0.0,0.25,0.0,0.19555555555555554,0.038873012632301994,1.0,0.0,raw,10,0.6955555555555556,0.03887301263230199,0.3044444444444445,0.038873012632301994
