accuracy_accepted,accuracy_accepted_std,cal_auprc,cal_auprc_std,cal_auroc,cal_auroc_std,cal_brier,cal_brier_std,cal_ece,cal_ece_std,coverage,coverage_std,method,n_folds,raw_accuracy,raw_accuracy_std,risk_accepted,risk_accepted_std
,,0.7117564800876415,0.0388922530533534,0.5574953111266256,0.0359276261010916,0.24792475533315966,0.019275277744231052,0.14644282903520314,0.03677344966413246,0.0,0.0,logistic_fusion,10,0.648888888888889,0.0450514109615851,,
,,0.7463914269327491,0.038640712946754655,0.6025130711928013,0.05967639247004094,0.25430747555555555,0.03892405681472412,0.17308888888888885,0.07015974365424683,0.0,0.0,best_single_signal,10,0.648888888888889,0.0450514109615851,,
,,0.6772036234930312,0.05247184031757175,0.5062530547409579,0.007661516867005575,0.348641975308642,0.044909093770042346,0.3496296296296297,0.04494166314701486,0.0,0.0,max_signal,10,0.648888888888889,0.0450514109615851,,
,,0.6740352217913608,0.03902446977089331,0.5184832022309529,0.023234590080804488,0.3318518518518518,0.04158056948351463,0.3148148148148148,0.04863006685087366,0.0,0.0,rubric_only,10,0.648888888888889,0.0450514109615851,,
,,0.6844541934508741,0.04074805113284372,0.5296228713349953,0.03250658907187817,0.3588888888888889,0.038184089505421306,0.35888888888888887,0.038184089505421286,0.0,0.0,swap_only,10,0.648888888888889,0.0450514109615851,,
,,0.6735409958312338,0.05029742637121141,0.5041634296839581,0.024875872078266543,0.3452777777777778,0.04790438651014727,0.34388888888888897,0.050518912239152176,0.0,0.0,self_only,10,0.648888888888889,0.0450514109615851,,
0.648888888888889,0.0450514109615851,0.6710978443754128,0.047041984334003265,0.5,0.0,0.25,0.0,0.14888888888888885,0.045051410961585096,1.0,0.0,raw,10,0.648888888888889,0.0450514109615851,0.35111111111111115,0.045051410961585096
