accuracy,error_rate,n,signal
0.676923076923077,0.32307692307692304,260,rubric_stable
0.575,0.42500000000000004,40,rubric_unstable
0.6893939393939394,0.31060606060606055,264,position_consistent
0.4722222222222222,0.5277777777777778,36,position_inconsistent
0.6678321678321678,0.3321678321678322,286,self_high
0.5714285714285714,0.4285714285714286,14,self_low
