accuracy_accepted,accuracy_accepted_std,alpha,coverage,coverage_std,n_folds,risk_accepted,risk_accepted_std
,,0.05,0.0,0.0,10,,
,,0.08,0.0,0.0,10,,
,,0.1,0.0,0.0,10,,
,,0.12,0.0,0.0,10,,
,,0.15,0.0,0.0,10,,
,,0.2,0.0,0.0,10,,
0.6190476190476191,0.0,0.25,0.023333333333333334,0.06999999999999999,10,0.38095238095238093,0.0
0.7134846921224629,0.05174562524033242,0.3,0.21222222222222217,0.2252269089026157,10,0.286515307877537,0.051745625240332424
